0;'5';39;231;540;796;'0';545;737;27;283;'4';798;990;635;891;'7';796;988;29;285;'2';734;926;377;633;'9';231;423;741;997;'6';482;674;290;546;'3';481;673;741;997;'1';288;416;126;382;'8';36;228;123;379
2;'5';38;230;539;795;'0';544;736;26;282;'4';797;989;636;892;'7';795;987;28;284;'2';735;927;378;634;'9';230;422;742;998;'6';481;673;289;545;'3';480;672;742;998;'1';289;417;125;381;'8';37;229;122;378
4;'5';37;229;538;794;'0';543;735;25;281;'4';796;988;637;893;'7';794;986;27;283;'2';736;928;379;635;'9';229;421;743;999;'6';480;672;288;544;'3';479;671;743;999;'1';290;418;124;380;'8';38;230;121;377
6;'5';36;228;537;793;'0';542;734;24;280;'4';795;987;638;894;'7';793;985;26;282;'2';737;929;380;636;'9';228;420;744;1000;'6';479;671;287;543;'3';478;670;744;1000;'1';291;419;123;379;'8';39;231;120;376
8;'5';35;227;536;792;'0';541;733;23;279;'4';794;986;639;895;'7';792;984;25;281;'2';738;930;381;637;'9';227;419;745;1001;'6';478;670;286;542;'3';477;669;745;1001;'1';292;420;122;378;'8';40;232;119;375
10;'5';34;226;535;791;'0';540;732;22;278;'4';793;985;640;896;'7';791;983;24;280;'2';739;931;382;638;'9';226;418;746;1002;'6';477;669;285;541;'3';476;668;746;1002;'1';293;421;121;377;'8';41;233;118;374
12;'5';33;225;534;790;'0';539;731;21;277;'4';792;984;641;897;'7';790;982;23;279;'2';740;932;383;639;'9';225;417;747;1003;'6';476;668;284;540;'3';475;667;747;1003;'1';294;422;120;376;'8';42;234;117;373
14;'5';32;224;533;789;'0';538;730;20;276;'4';791;983;642;898;'7';789;981;22;278;'2';741;933;384;640;'9';224;416;748;1004;'6';475;667;283;539;'3';474;666;748;1004;'1';295;423;119;375;'8';43;235;116;372
16;'5';31;223;532;788;'0';537;729;19;275;'4';790;982;643;899;'7';788;980;21;277;'2';742;934;385;641;'9';223;415;749;1005;'6';474;666;282;538;'3';473;665;749;1005;'1';296;424;118;374;'8';44;236;115;371
18;'5';30;222;531;787;'0';536;728;18;274;'4';789;981;644;900;'7';787;979;20;276;'2';743;935;386;642;'9';222;414;750;1006;'6';473;665;281;537;'3';472;664;750;1006;'1';297;425;117;373;'8';45;237;114;370
20;'5';29;221;530;786;'0';535;727;17;273;'4';788;980;645;901;'7';786;978;19;275;'2';744;936;387;643;'9';221;413;751;1007;'6';472;664;280;536;'3';471;663;751;1007;'1';298;426;116;372;'8';46;238;113;369
22;'5';28;220;529;785;'0';534;726;16;272;'4';787;979;646;902;'7';785;977;18;274;'2';745;937;388;644;'9';220;412;752;1008;'6';471;663;279;535;'3';470;662;752;1008;'1';299;427;115;371;'8';47;239;112;368
24;'5';27;219;528;784;'0';533;725;15;271;'4';786;978;647;903;'7';784;976;17;273;'2';746;938;389;645;'9';219;411;753;1009;'6';470;662;278;534;'3';469;661;753;1009;'1';300;428;114;370;'8';48;240;111;367
26;'5';26;218;527;783;'0';532;724;14;270;'4';785;977;648;904;'7';783;975;16;272;'2';747;939;390;646;'9';218;410;754;1010;'6';469;661;277;533;'3';468;660;754;1010;'1';301;429;113;369;'8';49;241;110;366
28;'5';25;217;526;782;'0';531;723;13;269;'4';784;976;649;905;'7';782;974;15;271;'2';748;940;391;647;'9';217;409;755;1011;'6';468;660;276;532;'3';467;659;755;1011;'1';302;430;112;368;'8';50;242;109;365
30;'5';24;216;525;781;'0';530;722;12;268;'4';783;975;650;906;'7';781;973;14;270;'2';749;941;392;648;'9';216;408;756;1012;'6';467;659;275;531;'3';466;658;756;1012;'1';303;431;111;367;'8';51;243;108;364
32;'5';23;215;524;780;'0';529;721;11;267;'4';782;974;651;907;'7';780;972;13;269;'2';750;942;393;649;'9';215;407;757;1013;'6';466;658;274;530;'3';465;657;757;1013;'1';304;432;110;366;'8';52;244;107;363
34;'5';22;214;523;779;'0';528;720;10;266;'4';781;973;652;908;'7';779;971;12;268;'2';751;943;394;650;'9';214;406;758;1014;'6';465;657;273;529;'3';464;656;758;1014;'1';305;433;109;365;'8';53;245;106;362
36;'5';21;213;522;778;'0';527;719;9;265;'4';780;972;653;909;'7';778;970;11;267;'2';752;944;395;651;'9';213;405;759;1015;'6';464;656;272;528;'3';463;655;759;1015;'1';306;434;108;364;'8';54;246;105;361
38;'5';20;212;521;777;'0';526;718;8;264;'4';779;971;654;910;'7';777;969;10;266;'2';753;945;396;652;'9';212;404;760;1016;'6';463;655;271;527;'3';462;654;760;1016;'1';307;435;107;363;'8';55;247;104;360
40;'5';19;211;520;776;'0';525;717;7;263;'4';778;970;655;911;'7';776;968;9;265;'2';754;946;397;653;'9';211;403;761;1017;'6';462;654;270;526;'3';461;653;761;1017;'1';308;436;106;362;'8';56;248;103;359
42;'5';18;210;519;775;'0';524;716;6;262;'4';777;969;656;912;'7';775;967;8;264;'2';755;947;398;654;'9';210;402;762;1018;'6';461;653;269;525;'3';460;652;762;1018;'1';309;437;105;361;'8';57;249;102;358
44;'5';17;209;518;774;'0';523;715;5;261;'4';776;968;657;913;'7';774;966;7;263;'2';756;948;399;655;'9';209;401;763;1019;'6';460;652;268;524;'3';459;651;763;1019;'1';310;438;104;360;'8';58;250;101;357
46;'5';16;208;517;773;'0';522;714;4;260;'4';775;967;658;914;'7';773;965;6;262;'2';757;949;400;656;'9';208;400;764;1020;'6';459;651;267;523;'3';458;650;764;1020;'1';311;439;103;359;'8';59;251;100;356
48;'5';15;207;516;772;'0';521;713;3;259;'4';774;966;659;915;'7';772;964;5;261;'2';758;950;401;657;'9';207;399;765;1021;'6';458;650;266;522;'3';457;649;765;1021;'1';312;440;102;358;'8';60;252;99;355
50;'5';14;206;515;771;'0';520;712;2;258;'4';773;965;660;916;'7';771;963;4;260;'2';759;951;402;658;'9';206;398;766;1022;'6';457;649;265;521;'3';456;648;766;1022;'1';313;441;101;357;'8';61;253;98;354
52;'5';13;205;514;770;'0';519;711;1;257;'4';772;964;661;917;'7';770;962;3;259;'2';760;952;403;659;'9';205;397;767;1023;'6';456;648;264;520;'3';455;647;767;1023;'1';314;442;100;356;'8';62;254;97;353
54;'5';12;204;513;769;'0';518;710;0;256;'4';771;963;662;918;'7';769;961;2;258;'2';761;953;404;660;'9';204;396;767;1023;'6';455;647;263;519;'3';454;646;767;1023;'1';315;443;99;355;'8';63;255;96;352
56;'5';11;203;512;768;'0';517;709;0;256;'4';770;962;663;919;'7';768;960;1;257;'2';762;954;405;661;'9';203;395;766;1022;'6';454;646;262;518;'3';453;645;766;1022;'1';316;444;98;354;'8';64;256;95;351
58;'5';10;202;511;767;'0';516;708;1;257;'4';769;961;664;920;'7';767;959;0;256;'2';763;955;406;662;'9';202;394;765;1021;'6';453;645;261;517;'3';452;644;765;1021;'1';317;445;97;353;'8';65;257;94;350
60;'5';9;201;510;766;'0';515;707;2;258;'4';768;960;665;921;'7';766;958;0;256;'2';764;956;407;663;'9';201;393;764;1020;'6';452;644;260;516;'3';451;643;764;1020;'1';318;446;96;352;'8';66;258;93;349
62;'5';8;200;509;765;'0';514;706;3;259;'4';767;959;666;922;'7';765;957;1;257;'2';765;957;408;664;'9';200;392;763;1019;'6';451;643;259;515;'3';450;642;763;1019;'1';319;447;95;351;'8';67;259;92;348
64;'5';7;199;508;764;'0';513;705;3;259;'4';766;958;667;923;'7';764;956;2;258;'2';766;958;409;665;'9';199;391;762;1018;'6';450;642;259;515;'3';449;641;762;1018;'1';320;448;94;350;'8';68;260;91;347
66;'5';6;198;507;763;'0';512;704;2;258;'4';765;957;668;924;'7';763;955;3;259;'2';767;959;410;666;'9';198;390;761;1017;'6';449;641;260;516;'3';448;640;761;1017;'1';321;449;93;349;'8';69;261;90;346
68;'5';5;197;506;762;'0';511;703;1;257;'4';764;956;669;925;'7';762;954;4;260;'2';768;960;411;667;'9';197;389;760;1016;'6';449;641;261;517;'3';447;639;760;1016;'1';321;449;92;348;'8';70;262;89;345
70;'5';4;196;505;761;'0';510;702;0;256;'4';763;955;670;926;'7';761;953;5;261;'2';769;961;412;668;'9';196;388;759;1015;'6';450;642;262;518;'3';446;638;759;1015;'1';320;448;91;347;'8';71;263;88;344
72;'5';3;195;504;760;'0';509;701;0;256;'4';762;954;671;927;'7';760;952;6;262;'2';770;962;413;669;'9';195;387;758;1014;'6';451;643;263;519;'3';445;637;758;1014;'1';319;447;90;346;'8';72;264;87;343
74;'5';2;194;503;759;'0';508;700;1;257;'4';761;953;672;928;'7';759;951;7;263;'2';771;963;414;670;'9';194;386;757;1013;'6';452;644;264;520;'3';444;636;757;1013;'1';318;446;89;345;'8';73;265;86;342
76;'5';1;193;502;758;'0';507;699;2;258;'4';760;952;673;929;'7';758;950;8;264;'2';772;964;415;671;'9';193;385;756;1012;'6';453;645;265;521;'3';443;635;756;1012;'1';317;445;88;344;'8';74;266;85;341
78;'5';0;192;501;757;'0';506;698;3;259;'4';759;951;674;930;'7';757;949;9;265;'2';773;965;416;672;'9';192;384;755;1011;'6';454;646;266;522;'3';442;634;755;1011;'1';316;444;87;343;'8';75;267;84;340
80;'5';0;192;500;756;'0';505;697;4;260;'4';758;950;675;931;'7';756;948;10;266;'2';774;966;417;673;'9';192;384;754;1010;'6';455;647;267;523;'3';441;633;754;1010;'1';315;443;86;342;'8';76;268;83;339
82;'5';0;192;499;755;'0';504;696;5;261;'4';757;949;676;932;'7';755;947;11;267;'2';775;967;418;674;'9';193;385;753;1009;'6';456;648;268;524;'3';440;632;753;1009;'1';314;442;85;341;'8';77;269;82;338
84;'5';0;192;498;754;'0';503;695;6;262;'4';756;948;677;933;'7';754;946;12;268;'2';776;968;419;675;'9';194;386;752;1008;'6';457;649;269;525;'3';439;631;752;1008;'1';313;441;84;340;'8';78;270;81;337
86;'5';1;193;497;753;'0';502;694;7;263;'4';755;947;678;934;'7';753;945;13;269;'2';777;969;420;676;'9';195;387;751;1007;'6';458;650;270;526;'3';438;630;751;1007;'1';312;440;83;339;'8';79;271;80;336
88;'5';2;194;496;752;'0';501;693;8;264;'4';754;946;679;935;'7';752;944;14;270;'2';778;970;421;677;'9';196;388;750;1006;'6';459;651;271;527;'3';437;629;750;1006;'1';311;439;82;338;'8';80;272;79;335
90;'5';3;195;495;751;'0';500;692;9;265;'4';753;945;680;936;'7';751;943;15;271;'2';779;971;422;678;'9';197;389;749;1005;'6';460;652;272;528;'3';436;628;749;1005;'1';310;438;81;337;'8';81;273;78;334
92;'5';4;196;494;750;'0';499;691;10;266;'4';752;944;681;937;'7';750;942;16;272;'2';780;972;423;679;'9';198;390;748;1004;'6';461;653;273;529;'3';435;627;748;1004;'1';309;437;80;336;'8';82;274;77;333
94;'5';5;197;493;749;'0';498;690;11;267;'4';751;943;682;938;'7';749;941;17;273;'2';781;973;424;680;'9';199;391;747;1003;'6';462;654;274;530;'3';434;626;747;1003;'1';308;436;79;335;'8';83;275;76;332
96;'5';6;198;492;748;'0';497;689;12;268;'4';750;942;683;939;'7';748;940;18;274;'2';782;974;425;681;'9';200;392;746;1002;'6';463;655;275;531;'3';433;625;746;1002;'1';307;435;78;334;'8';84;276;75;331
98;'5';7;199;491;747;'0';496;688;13;269;'4';749;941;684;940;'7';747;939;19;275;'2';783;975;426;682;'9';201;393;745;1001;'6';464;656;276;532;'3';432;624;745;1001;'1';306;434;77;333;'8';85;277;74;330
100;'5';8;200;490;746;'0';495;687;14;270;'4';748;940;685;941;'7';746;938;20;276;'2';784;976;427;683;'9';202;394;744;1000;'6';465;657;277;533;'3';431;623;744;1000;'1';305;433;76;332;'8';86;278;73;329
102;'5';9;201;489;745;'0';494;686;15;271;'4';747;939;686;942;'7';745;937;21;277;'2';785;977;428;684;'9';203;395;743;999;'6';466;658;278;534;'3';430;622;743;999;'1';304;432;75;331;'8';87;279;72;328
104;'5';10;202;488;744;'0';493;685;16;272;'4';746;938;687;943;'7';744;936;22;278;'2';786;978;429;685;'9';204;396;742;998;'6';467;659;279;535;'3';429;621;742;998;'1';303;431;74;330;'8';88;280;71;327
106;'5';11;203;487;743;'0';492;684;17;273;'4';745;937;688;944;'7';743;935;23;279;'2';787;979;430;686;'9';205;397;741;997;'6';468;660;280;536;'3';428;620;741;997;'1';302;430;73;329;'8';89;281;70;326
108;'5';12;204;486;742;'0';491;683;18;274;'4';744;936;689;945;'7';742;934;24;280;'2';788;980;431;687;'9';206;398;740;996;'6';469;661;281;537;'3';427;619;740;996;'1';301;429;72;328;'8';90;282;69;325
110;'5';13;205;485;741;'0';490;682;19;275;'4';743;935;690;946;'7';741;933;25;281;'2';789;981;432;688;'9';207;399;739;995;'6';470;662;282;538;'3';426;618;739;995;'1';300;428;71;327;'8';91;283;68;324
112;'5';14;206;484;740;'0';489;681;20;276;'4';742;934;691;947;'7';740;932;26;282;'2';790;982;433;689;'9';208;400;738;994;'6';471;663;283;539;'3';425;617;738;994;'1';299;427;70;326;'8';92;284;67;323
114;'5';15;207;483;739;'0';488;680;21;277;'4';741;933;692;948;'7';739;931;27;283;'2';791;983;434;690;'9';209;401;737;993;'6';472;664;284;540;'3';424;616;737;993;'1';298;426;69;325;'8';93;285;66;322
116;'5';16;208;482;738;'0';487;679;22;278;'4';740;932;693;949;'7';738;930;28;284;'2';792;984;435;691;'9';210;402;736;992;'6';473;665;285;541;'3';423;615;736;992;'1';297;425;68;324;'8';94;286;65;321
118;'5';17;209;481;737;'0';486;678;23;279;'4';739;931;694;950;'7';737;929;29;285;'2';793;985;436;692;'9';211;403;735;991;'6';474;666;286;542;'3';422;614;735;991;'1';296;424;67;323;'8';95;287;64;320
120;'5';18;210;480;736;'0';485;677;24;280;'4';738;930;695;951;'7';736;928;30;286;'2';794;986;437;693;'9';212;404;734;990;'6';475;667;287;543;'3';421;613;734;990;'1';295;423;66;322;'8';96;288;63;319
122;'5';19;211;479;735;'0';484;676;25;281;'4';737;929;696;952;'7';735;927;31;287;'2';795;987;438;694;'9';213;405;733;989;'6';476;668;288;544;'3';420;612;733;989;'1';294;422;65;321;'8';97;289;62;318
124;'5';20;212;478;734;'0';483;675;26;282;'4';736;928;697;953;'7';734;926;32;288;'2';796;988;439;695;'9';214;406;732;988;'6';477;669;289;545;'3';419;611;732;988;'1';293;421;64;320;'8';98;290;61;317
126;'5';21;213;477;733;'0';482;674;27;283;'4';735;927;698;954;'7';733;925;33;289;'2';797;989;440;696;'9';215;407;731;987;'6';478;670;290;546;'3';418;610;731;987;'1';292;420;63;319;'8';99;291;60;316
128;'5';22;214;476;732;'0';481;673;28;284;'4';734;926;699;955;'7';732;924;34;290;'2';798;990;441;697;'9';216;408;730;986;'6';479;671;291;547;'3';417;609;730;986;'1';291;419;62;318;'8';99;291;59;315
130;'5';23;215;475;731;'0';480;672;29;285;'4';733;925;700;956;'7';731;923;35;291;'2';799;991;442;698;'9';217;409;729;985;'6';480;672;292;548;'3';416;608;729;985;'1';291;419;61;317;'8';98;290;58;314
132;'5';24;216;474;730;'0';479;671;30;286;'4';732;924;701;957;'7';730;922;36;292;'2';800;992;443;699;'9';218;410;728;984;'6';481;673;293;549;'3';415;607;728;984;'1';292;420;60;316;'8';97;289;57;313
134;'5';25;217;473;729;'0';478;670;31;287;'4';731;923;702;958;'7';729;921;37;293;'2';801;993;444;700;'9';219;411;727;983;'6';482;674;294;550;'3';414;606;727;983;'1';293;421;59;315;'8';96;288;56;312
136;'5';26;218;472;728;'0';477;669;32;288;'4';730;922;703;959;'7';728;920;38;294;'2';802;994;445;701;'9';220;412;726;982;'6';483;675;295;551;'3';413;605;726;982;'1';294;422;58;314;'8';95;287;55;311
138;'5';27;219;471;727;'0';476;668;33;289;'4';729;921;704;960;'7';727;919;39;295;'2';803;995;446;702;'9';221;413;725;981;'6';484;676;296;552;'3';413;605;725;981;'1';295;423;57;313;'8';94;286;54;310
140;'5';28;220;470;726;'0';475;667;34;290;'4';728;920;705;961;'7';726;918;40;296;'2';804;996;447;703;'9';221;413;724;980;'6';485;677;297;553;'3';414;606;724;980;'1';296;424;56;312;'8';93;285;53;309
142;'5';29;221;469;725;'0';474;666;35;291;'4';727;919;706;962;'7';725;917;41;297;'2';805;997;448;704;'9';221;413;723;979;'6';486;678;298;554;'3';415;607;723;979;'1';297;425;55;311;'8';92;284;52;308
144;'5';29;221;468;724;'0';473;665;36;292;'4';726;918;707;963;'7';724;916;42;298;'2';806;998;449;705;'9';222;414;722;978;'6';487;679;299;555;'3';416;608;722;978;'1';298;426;54;310;'8';91;283;51;307
146;'5';28;220;467;723;'0';472;664;37;293;'4';725;917;708;964;'7';723;915;43;299;'2';807;999;450;706;'9';223;415;721;977;'6';488;680;300;556;'3';417;609;721;977;'1';299;427;53;309;'8';90;282;50;306
148;'5';27;219;466;722;'0';471;663;38;294;'4';724;916;709;965;'7';722;914;44;300;'2';808;1000;451;707;'9';224;416;720;976;'6';489;681;301;557;'3';418;610;720;976;'1';300;428;52;308;'8';89;281;49;305
150;'5';26;218;465;721;'0';470;662;39;295;'4';723;915;710;966;'7';721;913;45;301;'2';809;1001;452;708;'9';225;417;719;975;'6';490;682;302;558;'3';419;611;719;975;'1';301;429;51;307;'8';88;280;48;304
152;'5';25;217;464;720;'0';469;661;40;296;'4';722;914;711;967;'7';720;912;46;302;'2';810;1002;453;709;'9';226;418;718;974;'6';491;683;303;559;'3';420;612;718;974;'1';302;430;50;306;'8';87;279;47;303
154;'5';24;216;463;719;'0';468;660;41;297;'4';721;913;712;968;'7';719;911;47;303;'2';811;1003;454;710;'9';227;419;717;973;'6';492;684;304;560;'3';421;613;717;973;'1';303;431;49;305;'8';86;278;46;302
156;'5';23;215;462;718;'0';467;659;42;298;'4';720;912;713;969;'7';718;910;48;304;'2';812;1004;455;711;'9';228;420;716;972;'6';493;685;305;561;'3';422;614;716;972;'1';304;432;48;304;'8';85;277;45;301
158;'5';22;214;461;717;'0';466;658;43;299;'4';719;911;714;970;'7';717;909;49;305;'2';813;1005;456;712;'9';229;421;715;971;'6';494;686;306;562;'3';423;615;715;971;'1';305;433;47;303;'8';84;276;44;300
160;'5';21;213;460;716;'0';465;657;44;300;'4';718;910;715;971;'7';716;908;50;306;'2';814;1006;457;713;'9';230;422;714;970;'6';495;687;307;563;'3';424;616;714;970;'1';306;434;46;302;'8';83;275;43;299
162;'5';20;212;459;715;'0';464;656;45;301;'4';717;909;716;972;'7';715;907;51;307;'2';815;1007;458;714;'9';231;423;713;969;'6';496;688;308;564;'3';425;617;713;969;'1';307;435;45;301;'8';82;274;42;298
164;'5';19;211;458;714;'0';463;655;46;302;'4';716;908;717;973;'7';714;906;52;308;'2';816;1008;459;715;'9';232;424;712;968;'6';497;689;309;565;'3';426;618;712;968;'1';308;436;44;300;'8';81;273;41;297
166;'5';18;210;457;713;'0';462;654;47;303;'4';715;907;718;974;'7';713;905;53;309;'2';817;1009;460;716;'9';233;425;711;967;'6';498;690;310;566;'3';427;619;711;967;'1';309;437;43;299;'8';80;272;40;296
168;'5';17;209;456;712;'0';461;653;48;304;'4';714;906;719;975;'7';712;904;54;310;'2';818;1010;461;717;'9';234;426;710;966;'6';499;691;311;567;'3';428;620;710;966;'1';310;438;42;298;'8';79;271;39;295
170;'5';16;208;455;711;'0';460;652;49;305;'4';713;905;720;976;'7';711;903;55;311;'2';819;1011;462;718;'9';235;427;709;965;'6';500;692;312;568;'3';429;621;709;965;'1';311;439;41;297;'8';78;270;38;294
172;'5';15;207;454;710;'0';459;651;50;306;'4';712;904;721;977;'7';710;902;56;312;'2';820;1012;463;719;'9';236;428;708;964;'6';501;693;313;569;'3';430;622;708;964;'1';312;440;40;296;'8';77;269;37;293
174;'5';14;206;453;709;'0';458;650;51;307;'4';711;903;722;978;'7';709;901;57;313;'2';821;1013;464;720;'9';237;429;707;963;'6';502;694;314;570;'3';431;623;707;963;'1';313;441;39;295;'8';76;268;36;292
176;'5';13;205;452;708;'0';457;649;52;308;'4';710;902;723;979;'7';708;900;58;314;'2';822;1014;465;721;'9';238;430;706;962;'6';503;695;315;571;'3';432;624;706;962;'1';314;442;38;294;'8';75;267;35;291
178;'5';12;204;451;707;'0';456;648;53;309;'4';709;901;724;980;'7';707;899;59;315;'2';823;1015;466;722;'9';239;431;705;961;'6';504;696;316;572;'3';433;625;705;961;'1';315;443;37;293;'8';74;266;34;290
180;'5';11;203;450;706;'0';455;647;54;310;'4';708;900;725;981;'7';706;898;60;316;'2';824;1016;467;723;'9';240;432;704;960;'6';505;697;317;573;'3';434;626;704;960;'1';316;444;36;292;'8';73;265;33;289
182;'5';10;202;449;705;'0';454;646;55;311;'4';707;899;726;982;'7';705;897;61;317;'2';825;1017;468;724;'9';241;433;703;959;'6';506;698;318;574;'3';435;627;703;959;'1';317;445;35;291;'8';72;264;32;288
184;'5';9;201;448;704;'0';453;645;56;312;'4';706;898;727;983;'7';704;896;62;318;'2';826;1018;469;725;'9';242;434;702;958;'6';507;699;319;575;'3';436;628;702;958;'1';318;446;34;290;'8';71;263;31;287
186;'5';8;200;447;703;'0';452;644;57;313;'4';705;897;728;984;'7';703;895;63;319;'2';827;1019;470;726;'9';243;435;701;957;'6';508;700;320;576;'3';437;629;701;957;'1';319;447;33;289;'8';70;262;30;286
188;'5';7;199;446;702;'0';451;643;58;314;'4';704;896;729;985;'7';702;894;64;320;'2';828;1020;471;727;'9';244;436;700;956;'6';509;701;321;577;'3';438;630;700;956;'1';320;448;32;288;'8';69;261;29;285
190;'5';6;198;445;701;'0';450;642;59;315;'4';703;895;730;986;'7';701;893;65;321;'2';829;1021;472;728;'9';245;437;699;955;'6';510;702;322;578;'3';439;631;699;955;'1';321;449;31;287;'8';68;260;28;284
192;'5';5;197;444;700;'0';449;641;60;316;'4';702;894;731;987;'7';700;892;66;322;'2';830;1022;473;729;'9';246;438;698;954;'6';511;703;323;579;'3';440;632;698;954;'1';321;449;30;286;'8';67;259;27;283
194;'5';4;196;443;699;'0';449;641;61;317;'4';701;893;732;988;'7';699;891;67;323;'2';831;1023;474;730;'9';247;439;697;953;'6';512;704;324;580;'3';441;633;697;953;'1';320;448;29;285;'8';66;258;26;282
196;'5';3;195;442;698;'0';450;642;62;318;'4';700;892;733;989;'7';698;890;68;324;'2';831;1023;475;731;'9';248;440;696;952;'6';513;705;325;581;'3';442;634;696;952;'1';319;447;28;284;'8';65;257;25;281
198;'5';2;194;441;697;'0';451;643;63;319;'4';699;891;734;990;'7';697;889;69;325;'2';830;1022;476;732;'9';249;441;695;951;'6';514;706;326;582;'3';443;635;695;951;'1';318;446;27;283;'8';64;256;24;280
200;'5';1;193;440;696;'0';452;644;64;320;'4';698;890;735;991;'7';696;888;70;326;'2';829;1021;477;733;'9';250;442;694;950;'6';515;707;327;583;'3';444;636;694;950;'1';317;445;26;282;'8';63;255;23;279
202;'5';0;192;439;695;'0';453;645;65;321;'4';697;889;736;992;'7';695;887;71;327;'2';828;1020;478;734;'9';251;443;693;949;'6';516;708;328;584;'3';445;637;693;949;'1';316;444;25;281;'8';62;254;22;278
204;'5';0;192;438;694;'0';454;646;66;322;'4';696;888;737;993;'7';694;886;72;328;'2';827;1019;479;735;'9';252;444;692;948;'6';517;709;329;585;'3';446;638;692;948;'1';315;443;24;280;'8';61;253;21;277
206;'5';1;193;437;693;'0';455;647;67;323;'4';695;887;738;994;'7';693;885;73;329;'2';826;1018;480;736;'9';253;445;691;947;'6';518;710;330;586;'3';447;639;691;947;'1';314;442;23;279;'8';60;252;20;276
208;'5';2;194;436;692;'0';456;648;68;324;'4';694;886;739;995;'7';692;884;74;330;'2';825;1017;481;737;'9';254;446;690;946;'6';519;711;331;587;'3';448;640;690;946;'1';313;441;22;278;'8';59;251;19;275
210;'5';3;195;435;691;'0';457;649;69;325;'4';693;885;740;996;'7';691;883;75;331;'2';824;1016;482;738;'9';255;447;689;945;'6';520;712;332;588;'3';449;641;689;945;'1';312;440;21;277;'8';58;250;18;274
212;'5';4;196;434;690;'0';458;650;70;326;'4';692;884;741;997;'7';690;882;76;332;'2';823;1015;483;739;'9';256;448;688;944;'6';521;713;333;589;'3';450;642;688;944;'1';311;439;20;276;'8';57;249;17;273
214;'5';5;197;433;689;'0';459;651;71;327;'4';691;883;742;998;'7';689;881;77;333;'2';822;1014;484;740;'9';257;449;687;943;'6';522;714;334;590;'3';451;643;687;943;'1';310;438;19;275;'8';56;248;16;272
216;'5';6;198;432;688;'0';460;652;72;328;'4';690;882;743;999;'7';688;880;78;334;'2';821;1013;485;741;'9';258;450;686;942;'6';523;715;335;591;'3';452;644;686;942;'1';309;437;18;274;'8';55;247;15;271
218;'5';7;199;431;687;'0';461;653;73;329;'4';689;881;744;1000;'7';687;879;79;335;'2';820;1012;486;742;'9';259;451;685;941;'6';524;716;336;592;'3';453;645;685;941;'1';308;436;17;273;'8';54;246;14;270
220;'5';8;200;430;686;'0';462;654;74;330;'4';688;880;745;1001;'7';686;878;80;336;'2';819;1011;487;743;'9';260;452;684;940;'6';525;717;337;593;'3';454;646;684;940;'1';307;435;16;272;'8';53;245;13;269
222;'5';9;201;429;685;'0';463;655;75;331;'4';687;879;746;1002;'7';685;877;81;337;'2';818;1010;488;744;'9';261;453;683;939;'6';526;718;338;594;'3';455;647;683;939;'1';306;434;15;271;'8';52;244;12;268
224;'5';10;202;428;684;'0';464;656;76;332;'4';686;878;747;1003;'7';684;876;82;338;'2';817;1009;489;745;'9';262;454;682;938;'6';527;719;339;595;'3';456;648;682;938;'1';305;433;14;270;'8';51;243;11;267
226;'5';11;203;427;683;'0';465;657;77;333;'4';685;877;748;1004;'7';683;875;83;339;'2';816;1008;490;746;'9';263;455;681;937;'6';528;720;340;596;'3';457;649;681;937;'1';304;432;13;269;'8';50;242;10;266
228;'5';12;204;426;682;'0';466;658;78;334;'4';684;876;749;1005;'7';682;874;84;340;'2';815;1007;491;747;'9';264;456;680;936;'6';529;721;341;597;'3';458;650;680;936;'1';303;431;12;268;'8';49;241;9;265
230;'5';13;205;425;681;'0';467;659;79;335;'4';683;875;750;1006;'7';681;873;85;341;'2';814;1006;492;748;'9';265;457;679;935;'6';530;722;342;598;'3';459;651;679;935;'1';302;430;11;267;'8';48;240;8;264
232;'5';14;206;424;680;'0';468;660;80;336;'4';682;874;751;1007;'7';680;872;86;342;'2';813;1005;493;749;'9';266;458;678;934;'6';531;723;343;599;'3';460;652;678;934;'1';301;429;10;266;'8';47;239;7;263
234;'5';15;207;423;679;'0';469;661;81;337;'4';681;873;752;1008;'7';679;871;87;343;'2';812;1004;494;750;'9';267;459;677;933;'6';532;724;344;600;'3';461;653;677;933;'1';300;428;9;265;'8';46;238;6;262
236;'5';16;208;422;678;'0';470;662;82;338;'4';680;872;753;1009;'7';678;870;88;344;'2';811;1003;495;751;'9';268;460;676;932;'6';533;725;345;601;'3';462;654;676;932;'1';299;427;8;264;'8';45;237;5;261
238;'5';17;209;421;677;'0';471;663;83;339;'4';679;871;754;1010;'7';677;869;89;345;'2';810;1002;496;752;'9';269;461;675;931;'6';534;726;346;602;'3';463;655;675;931;'1';298;426;7;263;'8';44;236;4;260
240;'5';18;210;420;676;'0';472;664;84;340;'4';678;870;755;1011;'7';676;868;90;346;'2';809;1001;497;753;'9';270;462;674;930;'6';535;727;347;603;'3';464;656;674;930;'1';297;425;6;262;'8';43;235;3;259
242;'5';19;211;419;675;'0';473;665;85;341;'4';677;869;756;1012;'7';675;867;91;347;'2';808;1000;498;754;'9';271;463;673;929;'6';536;728;348;604;'3';465;657;673;929;'1';296;424;5;261;'8';42;234;2;258
244;'5';20;212;418;674;'0';474;666;86;342;'4';676;868;757;1013;'7';674;866;92;348;'2';807;999;499;755;'9';272;464;672;928;'6';537;729;349;605;'3';466;658;672;928;'1';295;423;4;260;'8';41;233;1;257
246;'5';21;213;417;673;'0';475;667;87;343;'4';675;867;758;1014;'7';673;865;93;349;'2';806;998;500;756;'9';273;465;671;927;'6';538;730;350;606;'3';467;659;671;927;'1';294;422;3;259;'8';40;232;0;256
248;'5';22;214;416;672;'0';476;668;88;344;'4';674;866;759;1015;'7';672;864;94;350;'2';805;997;501;757;'9';274;466;670;926;'6';539;731;351;607;'3';468;660;670;926;'1';293;421;2;258;'8';39;231;0;256
250;'5';23;215;415;671;'0';477;669;89;345;'4';673;865;760;1016;'7';671;863;95;351;'2';804;996;502;758;'9';275;467;669;925;'6';540;732;352;608;'3';469;661;669;925;'1';292;420;1;257;'8';38;230;1;257
252;'5';24;216;414;670;'0';478;670;90;346;'4';672;864;761;1017;'7';670;862;96;352;'2';803;995;503;759;'9';276;468;668;924;'6';541;733;353;609;'3';470;662;668;924;'1';291;419;0;256;'8';37;229;2;258
254;'5';25;217;413;669;'0';478;670;91;347;'4';671;863;762;1018;'7';670;862;97;353;'2';802;994;504;760;'9';277;469;667;923;'6';542;734;354;610;'3';471;663;667;923;'1';290;418;0;256;'8';36;228;3;259
256;'5';26;218;412;668;'0';477;669;92;348;'4';670;862;763;1019;'7';671;863;98;354;'2';801;993;505;761;'9';278;470;666;922;'6';543;735;355;611;'3';472;664;666;922;'1';289;417;1;257;'8';35;227;4;260
258;'5';27;219;411;667;'0';476;668;93;349;'4';669;861;764;1020;'7';672;864;99;355;'2';800;992;506;762;'9';279;471;665;921;'6';544;736;356;612;'3';473;665;665;921;'1';288;416;2;258;'8';34;226;5;261
260;'5';28;220;410;666;'0';475;667;94;350;'4';668;860;765;1021;'7';673;865;100;356;'2';799;991;507;763;'9';280;472;664;920;'6';545;737;357;613;'3';474;666;664;920;'1';287;415;3;259;'8';33;225;6;262
262;'5';29;221;409;665;'0';474;666;95;351;'4';667;859;766;1022;'7';674;866;101;357;'2';798;990;508;764;'9';281;473;663;919;'6';546;738;358;614;'3';475;667;663;919;'1';286;414;4;260;'8';32;224;7;263
264;'5';30;222;408;664;'0';473;665;96;352;'4';667;859;767;1023;'7';675;867;102;358;'2';797;989;509;765;'9';282;474;662;918;'6';547;739;359;615;'3';475;667;662;918;'1';285;413;5;261;'8';31;223;8;264
266;'5';31;223;407;663;'0';472;664;97;353;'4';668;860;767;1023;'7';676;868;103;359;'2';796;988;510;766;'9';283;475;661;917;'6';548;740;360;616;'3';475;667;661;917;'1';284;412;6;262;'8';30;222;9;265
268;'5';32;224;406;662;'0';471;663;98;354;'4';669;861;766;1022;'7';677;869;104;360;'2';795;987;510;766;'9';283;475;660;916;'6';549;741;361;617;'3';476;668;660;916;'1';283;411;7;263;'8';29;221;10;266
270;'5';33;225;405;661;'0';470;662;99;355;'4';670;862;766;1022;'7';678;870;105;361;'2';794;986;509;765;'9';282;474;659;915;'6';550;742;362;618;'3';477;669;659;915;'1';282;410;8;264;'8';28;220;11;267
272;'5';34;226;404;660;'0';469;661;100;356;'4';671;863;767;1023;'7';679;871;106;362;'2';793;985;508;764;'9';281;473;658;914;'6';551;743;363;619;'3';478;670;658;914;'1';281;409;9;265;'8';27;219;12;268
274;'5';35;227;403;659;'0';468;660;101;357;'4';672;864;767;1023;'7';680;872;107;363;'2';792;984;507;763;'9';280;472;657;913;'6';552;744;364;620;'3';479;671;657;913;'1';280;408;10;266;'8';26;218;13;269
276;'5';36;228;402;658;'0';467;659;102;358;'4';673;865;766;1022;'7';681;873;108;364;'2';791;983;506;762;'9';279;471;656;912;'6';553;745;365;621;'3';480;672;656;912;'1';279;407;11;267;'8';25;217;14;270
278;'5';37;229;401;657;'0';466;658;103;359;'4';674;866;765;1021;'7';682;874;109;365;'2';790;982;505;761;'9';278;470;655;911;'6';554;746;366;622;'3';481;673;655;911;'1';278;406;12;268;'8';24;216;15;271
280;'5';38;230;400;656;'0';465;657;104;360;'4';675;867;764;1020;'7';683;875;110;366;'2';789;981;504;760;'9';277;469;654;910;'6';555;747;367;623;'3';482;674;654;910;'1';277;405;13;269;'8';23;215;16;272
282;'5';39;231;399;655;'0';464;656;105;361;'4';676;868;763;1019;'7';684;876;111;367;'2';788;980;503;759;'9';276;468;653;909;'6';556;748;368;624;'3';483;675;653;909;'1';276;404;14;270;'8';22;214;17;273
284;'5';40;232;398;654;'0';463;655;106;362;'4';677;869;762;1018;'7';685;877;112;368;'2';787;979;502;758;'9';275;467;652;908;'6';557;749;369;625;'3';484;676;652;908;'1';275;403;15;271;'8';21;213;18;274
286;'5';41;233;397;653;'0';462;654;107;363;'4';678;870;761;1017;'7';686;878;113;369;'2';786;978;501;757;'9';274;466;651;907;'6';558;750;370;626;'3';485;677;651;907;'1';274;402;16;272;'8';20;212;19;275
288;'5';42;234;396;652;'0';461;653;108;364;'4';679;871;760;1016;'7';687;879;114;370;'2';785;977;500;756;'9';273;465;650;906;'6';559;751;371;627;'3';486;678;650;906;'1';273;401;17;273;'8';19;211;20;276
290;'5';43;235;395;651;'0';460;652;109;365;'4';680;872;759;1015;'7';688;880;115;371;'2';784;976;499;755;'9';272;464;649;905;'6';560;752;372;628;'3';487;679;649;905;'1';272;400;18;274;'8';18;210;21;277
292;'5';44;236;394;650;'0';459;651;110;366;'4';681;873;758;1014;'7';689;881;116;372;'2';783;975;498;754;'9';271;463;648;904;'6';561;753;373;629;'3';488;680;648;904;'1';271;399;19;275;'8';17;209;22;278
294;'5';45;237;393;649;'0';458;650;111;367;'4';682;874;757;1013;'7';690;882;117;373;'2';782;974;497;753;'9';270;462;647;903;'6';562;754;374;630;'3';489;681;647;903;'1';270;398;20;276;'8';16;208;23;279
296;'5';46;238;392;648;'0';457;649;112;368;'4';683;875;756;1012;'7';691;883;118;374;'2';781;973;496;752;'9';269;461;646;902;'6';563;755;375;631;'3';490;682;646;902;'1';269;397;21;277;'8';15;207;24;280
298;'5';47;239;391;647;'0';456;648;113;369;'4';684;876;755;1011;'7';692;884;119;375;'2';780;972;495;751;'9';268;460;645;901;'6';564;756;376;632;'3';491;683;645;901;'1';268;396;22;278;'8';14;206;25;281
