INSERT INTO etudiants VALUES
(051135593,'Marie Blanche','Anglais','Master 1',21);

INSERT INTO etudiants VALUES
(060839453,'Charles Harry','Architecture','Master 1',22);

INSERT INTO etudiants VALUES
(099354543,'Susanne Martin','Droit','Licence 3',20);

INSERT INTO etudiants VALUES
(112348546,'Joseph Thomas','Informatique','Licence 2',19);

INSERT INTO etudiants VALUES 
(115987938,'Christophe Cordier','Informatique','Licence 3',20);

INSERT INTO etudiants VALUES 
(132977562,'Angela Martinet','Histoire','Master 1',20);

INSERT INTO etudiants VALUES
(269734834,'Thomas Robet','Psychologie','Licence 2',18);

INSERT INTO etudiants VALUES
(280158572,'Margarethe Cousin','Medecine Veterinaire','Licence 1',18);

INSERT INTO etudiants VALUES
(301221823,'Jean Robinet','Psychologie','Licence 3',20);

INSERT INTO etudiants VALUES
(318548912,'Dorothee Lechemin','Finance','Licence 1',18);

INSERT INTO etudiants VALUES
(320874981,'Daniel Lemaire','Electronique','Licence 1',17);

INSERT INTO etudiants VALUES
(322654189,'Lisa Marcheur','Informatique','Licence 2',17);

INSERT INTO etudiants VALUES
(348121549,'Paul Cheminot','Informatique','Licence 3',18);

INSERT INTO etudiants VALUES
(351565322,'Nancy Alain','Comptabilite','Licence 3',19);

INSERT INTO etudiants VALUES
(451519864,'Marc Jeune','Finance','Licence 1',18);

INSERT INTO etudiants VALUES
(455798411,'Louis Fernand','Electronique','Licence 1',17);

INSERT INTO etudiants VALUES
(462156489,'Damien Leroi','Mecanique','Licence 2',19);

INSERT INTO etudiants VALUES
(550156548,'Georges Watteau','Pedagogique','Master 1',21);

INSERT INTO etudiants VALUES
(552455318,'Anna Lopet','MIAGE','Master 1',19);

INSERT INTO etudiants VALUES
(556784565,'Morgan Monl','Genie Civil','Master 1',21);

INSERT INTO etudiants VALUES
(567354612,'Seraphine El Smail','MIAGE','Licence 1',18);

INSERT INTO etudiants VALUES
(573284895,'Stephane Vert','Kinesitherapie','Licence 2',19);

INSERT INTO etudiants VALUES
(574489456,'Betty Alambert','Economie','Licence 3',20);

INSERT INTO etudiants VALUES
(578875478,'Eduouard Blanchet','Medecine Veterinaire','Master 1',21);

------------
INSERT INTO profs VALUES(142519864,'I. Boulala',20);

INSERT INTO profs VALUES(242518965,'Anael Klein',68);

INSERT INTO profs VALUES(141582651,'Joris Robillard',20);

INSERT INTO profs VALUES(011564812,'Laura Giacco',68);

INSERT INTO profs VALUES(254099823,'Patricia Jones',68);

INSERT INTO profs VALUES(356187925,'Victor Goron',12);

INSERT INTO profs VALUES(489456522,'Linda Mariencourt',20);

INSERT INTO profs VALUES(287321212,'Valentin Owczarek',12);

INSERT INTO profs VALUES(248965255,'Brahim Akouz',12);

INSERT INTO profs VALUES(159542516,'Astelia Massamba',33);

INSERT INTO profs VALUES(090873519,'Hugo Ermenidis',11);

INSERT INTO profs VALUES(486512566,'Boubacar Diallo',20);

INSERT INTO profs VALUES(619023588,'Justin Dutoit',11);

INSERT INTO profs VALUES(489221823,'Nadir Trabelsi',33);

INSERT INTO profs VALUES(548977562,'Ulysses Boulala',20);

------------

INSERT INTO cours VALUES(1,'Structures de Donnees','LuMeVe 10','R128',489456522);

INSERT INTO cours VALUES(2,'Systemes de Bases de Donnees','LuMeVe 12:30-1:45','1320 DCL',142519864);

INSERT INTO cours VALUES(3,'Conception de Systemes d Exploitation','MaJeu 12-1:20','20 AVW',489456522 );

INSERT INTO cours VALUES(4,'Psychologie',null,'null',619023588);

INSERT INTO cours VALUES
(5,'Archeologie des Incas','LuMeVe 3-4:15','R128',248965255);

INSERT INTO cours VALUES(6,'Analyse d Accidents Aeronautiques','MaJeu 1-2:50','Q3',011564812);

INSERT INTO cours VALUES(7,'Gestion de la qualite d air','MaJeu 10:30-11:45','R15',011564812);

INSERT INTO cours VALUES(8,'Introduction au Latin','LuMeVe 3-4:15','R12',248965255);

INSERT INTO cours VALUES(9,'Partis politiques francais','MaJeu 2-3:15','20 AVW',619023588);

INSERT INTO cours VALUES(10,'Cognition Sociale','Ma 6:30-8:40','R15',159542516);

INSERT INTO cours VALUES(11,'Perception','LuMaMeJeu 3','Q3',489221823);

INSERT INTO cours VALUES(12,'Analyse multivariee','MaJeu 2-3:15','R15',090873519);

INSERT INTO cours VALUES(13,'Droit des brevets','Ve 1-2:50','R128',090873519);

INSERT INTO cours VALUES(14,'Economie Urbaine','LuMeVe 11','20 AVW',489221823);

INSERT INTO cours VALUES(15,'Chimie organique','MaJeu 12:30-1:45','R12',489221823);

INSERT INTO cours VALUES(16,'Marketing','LuMe 10-11:15','1320 DCL',489221823);

INSERT INTO cours VALUES(17,'Art italien de la renaissance','Lu 4','R15',489221823);

INSERT INTO cours VALUES(18,'Mecanique des orbites','LuMeVe 8','1320 DCL',011564812);

INSERT INTO cours VALUES(19,'Elevage bovin','MaJeu 12:30-1:45','R128',356187925);

INSERT INTO cours VALUES(20,'Reseaux de communication','MaMe 9:30-10:45','20 AVW',141582651);

INSERT INTO cours VALUES(21,'Electronique optique','MaJeu 12:30-1:45','R15',254099823);

INSERT INTO cours VALUES(22,'Intelligence artificielle',null,'UP328',null);

INSERT INTO cours VALUES(23,'Introduction a l Algebre Lineaire','MaJeu 8-9:30','R128',489221823);

INSERT INTO cours VALUES(24,'new','new','null',489221823);
INSERT INTO cours VALUES(25,'new','new','UP328',489221823);
INSERT INTO cours VALUES(26,'new','new','R128',356187925);

-------------

INSERT INTO participer VALUES(112348546,2);

INSERT INTO participer VALUES(115987938,2);

INSERT INTO participer VALUES(348121549,2);

INSERT INTO participer VALUES(322654189,2);

INSERT INTO participer VALUES(552455318,2);

INSERT INTO participer VALUES(455798411,3);

INSERT INTO participer VALUES(552455318,3);

INSERT INTO participer VALUES(567354612,3);

INSERT INTO participer VALUES(112348546,3);

INSERT INTO participer VALUES(115987938,3);

INSERT INTO participer VALUES(322654189,3);

INSERT INTO participer VALUES(567354612,1);

INSERT INTO participer VALUES(552455318,20);

INSERT INTO participer VALUES(455798411,21);


INSERT INTO participer VALUES(455798411,15);

INSERT INTO participer VALUES(301221823,11);

INSERT INTO participer VALUES(301221823,10);

INSERT INTO participer VALUES(301221823,1);

INSERT INTO participer VALUES(556784565,7);

INSERT INTO participer VALUES(099354543,7);

INSERT INTO participer VALUES(322654189,13);

INSERT INTO participer VALUES(574489456,14);


